features,class_weight,series,fp_from_unclassifiable_pp,fp_from_unclassifiable_images,fp_from_known_classes_pp,fp_from_known_classes_images,false_negatives_pp,false_negatives_images
bioclip2,none,N_fixing_filamentous_total,0.459442789960944,435,0.1400129754664031,142,0.0224683309106136,58
bioclip2,none,Aphanizomenon_flosaquae,0.1993398242654755,230,0.1135281372674225,134,0.0203277259255137,46
bioclip2,none,Dolichospermum_total,0.2051397096808807,157,0.0339882292263742,40,0.0124769132040677,48
bioclip2,none,Oscillatoriales,0.307251241252807,477,0.0046803997224742,12,0.0010216243629378,2
bioclip2,balanced,N_fixing_filamentous_total,0.2606976613170614,236,0.0737758331062172,83,0.0383908091625403,114
bioclip2,balanced,Aphanizomenon_flosaquae,0.0865304956956468,109,0.0718394530512118,103,0.0264321531966143,65
bioclip2,balanced,Dolichospermum_total,0.1071111854447598,70,0.0083409577209202,13,0.0226751779808939,88
bioclip2,balanced,Oscillatoriales,0.075280268249217,140,0.0039538400923105,9,0.0026221434616035,7
clip_vitb16,none,N_fixing_filamentous_total,0.8952003035610032,808,0.1559079901418205,162,0.0236802938191703,61
clip_vitb16,none,Aphanizomenon_flosaquae,0.1368543539431502,170,0.0817972741697377,104,0.0299905353677593,60
clip_vitb16,none,Dolichospermum_total,0.7409866113076621,622,0.0862193685930877,83,0.0072316664902162,28
clip_vitb16,none,Oscillatoriales,0.2362564800981401,382,0.0178368291961461,23,0.0069353190983712,17
clip_vitb16,balanced,N_fixing_filamentous_total,0.2866823778679818,301,0.0670854566076167,74,0.039599402878797,117
clip_vitb16,balanced,Aphanizomenon_flosaquae,0.0630986814917522,82,0.0478671040585589,69,0.0282462585699478,73
clip_vitb16,balanced,Dolichospermum_total,0.2000725936287309,196,0.0267543949421336,36,0.0208042490885813,79
clip_vitb16,balanced,Oscillatoriales,0.1159319594019508,182,0.0102454318171719,20,0.0130781544075591,34
dinov2_vitb14,none,N_fixing_filamentous_total,0.3043169803002837,369,0.1302938410194304,167,0.0185547587087081,41
dinov2_vitb14,none,Aphanizomenon_flosaquae,0.1134355748146046,159,0.0848227541023956,122,0.023163424612707,51
dinov2_vitb14,none,Dolichospermum_total,0.1722863027465485,187,0.057033923016283,83,0.0079307789267271,30
dinov2_vitb14,none,Oscillatoriales,0.0412483242408141,78,0.0099705038717101,15,0.0069991388901697,17
dinov2_vitb14,balanced,N_fixing_filamentous_total,0.1485253672983814,169,0.0649516075065307,87,0.0373927033585864,82
dinov2_vitb14,balanced,Aphanizomenon_flosaquae,0.0364342105503823,64,0.0378779611731933,65,0.0341434692536154,68
dinov2_vitb14,balanced,Dolichospermum_total,0.0895987970767302,84,0.0363352713581605,54,0.0127517626142221,47
dinov2_vitb14,balanced,Oscillatoriales,0.0462398830274727,87,0.0129704204717004,22,0.0071867294481312,18
dinov2_vitb14+bioclip2,none,N_fixing_filamentous_total,0.387929652174698,422,0.0895139700072313,106,0.0171888387947498,36
dinov2_vitb14+bioclip2,none,Aphanizomenon_flosaquae,0.1683948320275891,222,0.0657523949521098,87,0.0220508839907961,48
dinov2_vitb14+bioclip2,none,Dolichospermum_total,0.1923255058286639,176,0.0336682040083495,51,0.0057802890042316,21
dinov2_vitb14+bioclip2,none,Oscillatoriales,0.176855424496005,278,0.0036509684326968,7,0.003324786647281,8
dinov2_vitb14+bioclip2,balanced,N_fixing_filamentous_total,0.1831367712138716,206,0.0417778355547812,51,0.0285961460970634,71
dinov2_vitb14+bioclip2,balanced,Aphanizomenon_flosaquae,0.0676977019650221,102,0.0414873896769903,64,0.0249071802786624,57
dinov2_vitb14+bioclip2,balanced,Dolichospermum_total,0.083657399266461,75,0.0082401818063347,16,0.0126153104784226,45
dinov2_vitb14+bioclip2,balanced,Oscillatoriales,0.0588351806147965,97,0.0042413987810563,10,0.0034580760961979,8
resnet18,none,N_fixing_filamentous_total,0.6600307991942503,697,0.1665886168705055,179,0.0263879580412962,87
resnet18,none,Aphanizomenon_flosaquae,0.2464916878600019,315,0.1004043116304989,143,0.0419506267368113,87
resnet18,none,Dolichospermum_total,0.3881187284050276,363,0.10549732973005,124,0.0239912592789564,89
resnet18,none,Oscillatoriales,0.6334047968563993,1105,0.0303994208126987,44,0.0057209450460322,12
resnet18,balanced,N_fixing_filamentous_total,0.3289770939604938,373,0.1118312607961379,117,0.0318837077818275,106
resnet18,balanced,Aphanizomenon_flosaquae,0.1220917225900694,167,0.0788097979256903,132,0.0351072993618535,92
resnet18,balanced,Dolichospermum_total,0.1746925022684221,189,0.0677140606824616,89,0.0317099097164159,119
resnet18,balanced,Oscillatoriales,0.5386193271338413,886,0.0153343596859526,30,0.0056829081951549,14
resnet18+dinov2_vitb14,none,N_fixing_filamentous_total,0.3247671170614654,321,0.088130950925941,105,0.0184036645344552,58
resnet18+dinov2_vitb14,none,Aphanizomenon_flosaquae,0.0740328919072037,103,0.0347307504733092,55,0.0177548308203196,54
resnet18+dinov2_vitb14,none,Dolichospermum_total,0.2191869525152942,198,0.0604220346745956,76,0.009142078430199,32
resnet18+dinov2_vitb14,none,Oscillatoriales,0.2161211462980631,297,0.0199285777676575,23,0.0086194198446047,20
resnet18+dinov2_vitb14,balanced,N_fixing_filamentous_total,0.1418404836039975,172,0.0518457143054863,52,0.0279515468017645,71
resnet18+dinov2_vitb14,balanced,Aphanizomenon_flosaquae,0.036275371144831,58,0.0313456407508379,50,0.0227510518287164,52
resnet18+dinov2_vitb14,balanced,Dolichospermum_total,0.0896616554915232,99,0.0297262902353061,34,0.0144267116537056,51
resnet18+dinov2_vitb14,balanced,Oscillatoriales,0.0513163216919938,96,0.0087466349097822,12,0.0074456548240205,19
resnet18+dinov2_vitb14+clip_vitb16+bioclip2,none,N_fixing_filamentous_total,0.32240374334963,348,0.061929904892929,63,0.0103277003579507,31
resnet18+dinov2_vitb14+clip_vitb16+bioclip2,none,Aphanizomenon_flosaquae,0.0939806079543249,140,0.0394405995852808,49,0.0113242762728855,33
resnet18+dinov2_vitb14+clip_vitb16+bioclip2,none,Dolichospermum_total,0.2166557448487047,196,0.0290958382238857,35,0.0058508604857306,20
resnet18+dinov2_vitb14+clip_vitb16+bioclip2,none,Oscillatoriales,0.2126599623143636,329,0.005197387847183,10,0.0022777741088526,5
resnet18+dinov2_vitb14+clip_vitb16+bioclip2,balanced,N_fixing_filamentous_total,0.1333227602468721,163,0.0325889329551078,36,0.0291718034885646,75
resnet18+dinov2_vitb14+clip_vitb16+bioclip2,balanced,Aphanizomenon_flosaquae,0.0467385956477839,69,0.0308752433176279,40,0.0246986144381819,57
resnet18+dinov2_vitb14+clip_vitb16+bioclip2,balanced,Dolichospermum_total,0.0713677756930999,78,0.0090634137146132,20,0.012304720096372,44
resnet18+dinov2_vitb14+clip_vitb16+bioclip2,balanced,Oscillatoriales,0.076826070518494,128,0.0040328329405758,10,0.0035422265446583,8
