signal,auroc_val_misclassified,auroc_2021_any_error,auroc_2021_misclassified_among_classified,auroc_2021_unclassifiable_vs_correct,kept,features,class_weight
low_confidence,0.9501571961930924,0.7787123875057379,0.8711226303019127,0.7696441385769048,True,clip_vitb16,balanced
neighbour_disagreement,0.9066008721456142,0.7455083900045594,0.8728632821025234,0.7330110106134429,True,clip_vitb16,balanced
nn_distance,0.6263162808608462,0.6635199444613875,0.5789507719090894,0.6718187464686625,True,clip_vitb16,balanced
low_confidence,0.9572062309529848,0.8144826621445637,0.8967351545375201,0.8081519809916323,True,clip_vitb16,none
neighbour_disagreement,0.8709341557771557,0.7246790024342952,0.8337753349812844,0.716282246588775,True,clip_vitb16,none
nn_distance,0.6427622070574774,0.6686323649223357,0.6078199704125363,0.6733128781637895,True,clip_vitb16,none
low_confidence,0.9591930338325976,0.7880139510251691,0.8824172237608803,0.780464942137393,True,dinov2_vitb14,balanced
neighbour_disagreement,0.922481129585356,0.7860479246624673,0.8715148278683643,0.779213517409254,True,dinov2_vitb14,balanced
nn_distance,0.4986629948697673,0.554250749062859,0.5006601065632925,0.5585361538460538,True,dinov2_vitb14,balanced
low_confidence,0.9603182150416693,0.8087046011910193,0.8885475909120057,0.8030306438877093,True,dinov2_vitb14,none
neighbour_disagreement,0.91756426829618,0.7816624258708249,0.8588415382867796,0.7761777741802284,True,dinov2_vitb14,none
nn_distance,0.5264947071446671,0.5600372042319424,0.5306683608403295,0.5621242699096421,True,dinov2_vitb14,none
low_confidence,0.9650596146063568,0.8191858240332321,0.8856364051185374,0.814073479799907,True,resnet18+dinov2_vitb14,balanced
neighbour_disagreement,0.920288422625533,0.7547745395003673,0.8658325315963682,0.7462303450601744,True,resnet18+dinov2_vitb14,balanced
nn_distance,0.609296609905675,0.6209084759772766,0.556857612151203,0.625836199090794,True,resnet18+dinov2_vitb14,balanced
low_confidence,0.962119427577944,0.8116640833163542,0.8900995914102711,0.8062619865960559,True,resnet18+dinov2_vitb14,none
neighbour_disagreement,0.9181705021846072,0.7444422979406515,0.8649818026724764,0.7361403683809109,True,resnet18+dinov2_vitb14,none
nn_distance,0.6479990577611544,0.6279532233218231,0.5986385422516265,0.6299722163304013,True,resnet18+dinov2_vitb14,none
low_confidence,0.9426682707185738,0.7625410581478662,0.8417020508179481,0.7527094965661968,True,resnet18,balanced
neighbour_disagreement,0.9244769295042397,0.7471962497525244,0.8454708292629141,0.734990837114562,True,resnet18,balanced
nn_distance,0.7192919477625797,0.6972663360882227,0.630767948871456,0.7055252394565534,True,resnet18,balanced
low_confidence,0.9377295945965016,0.7801346062744388,0.8611975998180047,0.7711996415289851,True,resnet18,none
neighbour_disagreement,0.9173007570784176,0.7427429051227936,0.8304093227141326,0.7330800945566152,True,resnet18,none
nn_distance,0.7231376421915829,0.7030944680321083,0.6568426781124624,0.7081924553414971,True,resnet18,none
