features,class_weight,method,series,mae_pp,mae_ci_low,mae_ci_high,bias_pp,pearson_r,spearman_r,peak_offset_weeks,onset_1pct,onset_2pct,onset_5pct,fp_from_unclassifiable,fp_from_known_classes,false_negatives
dinov2_vitb14,none,CC,N_fixing_filamentous_total,0.41605606261100614,0.27872377097357415,0.5726339832611723,0.41605606261100614,0.9569093762931308,0.6841849755577711,0.0,-1.0,-3.1,0.0,0.3043169803002837,0.13029384101943048,0.018554758708708156
dinov2_vitb14,none,CC,Aphanizomenon_flosaquae,0.20320332253155216,0.13155755890794107,0.2883678698855592,0.1750949043042932,0.9786449495583903,0.780391912892284,0.0,-1.0,0.0,0.0,0.11343557481460463,0.08482275410239565,0.023163424612707078
dinov2_vitb14,none,CC,Dolichospermum_total,0.2260209466958729,0.1532676492470481,0.3112063466796388,0.22138944683610448,0.9336379346716461,0.32719000099465595,0.0,0.0,0.0,missed,0.1722863027465485,0.057033923016283086,0.007930778926727137
dinov2_vitb14,none,CC,Oscillatoriales,0.051053326215059036,0.02951841478518054,0.07592153241337088,0.04421968922235452,0.9992347914751399,0.7514733829697949,0.0,0.0,0.0,0.0,0.041248324240814135,0.009970503871710135,0.0069991388901697385
dinov2_vitb14,none,CC_filtered,N_fixing_filamentous_total,0.3545419260131381,0.2337332924463239,0.4910839235676393,0.34156835457235607,0.965356298536006,0.6952879420662661,0.0,-1.0,-3.1,0.0,0.2418004521392233,0.11977217752305895,0.02000427508992609
dinov2_vitb14,none,CC_filtered,Aphanizomenon_flosaquae,0.20320332253155216,0.13155755890794107,0.2883678698855592,0.1750949043042932,0.9786449495583903,0.780391912892284,0.0,-1.0,0.0,0.0,0.11343557481460463,0.08482275410239565,0.023163424612707078
dinov2_vitb14,none,CC_filtered,Dolichospermum_total,0.15410629413487217,0.0974837922267278,0.2184593834338522,0.14690173879745455,0.9580701064680259,0.4351766585289297,0.0,0.0,0.0,missed,0.10976977458548806,0.04580185565531454,0.008669891443348052
dinov2_vitb14,none,CC_filtered,Oscillatoriales,0.03534663267863085,0.0179644840301742,0.056766888214274544,0.022213478453515408,0.9994492970572251,0.8252890732583186,0.0,0.0,0.0,0.0,0.0271696123199151,0.005723430022286779,0.010679563888686483
resnet18,none,CC,N_fixing_filamentous_total,0.8030730734818476,0.593698916828712,1.0618545630692318,0.8002314580234597,0.899742397068416,0.595897116768502,0.0,-1.0,-4.0,0.0,0.6600307991942503,0.1665886168705055,0.026387958041296244
resnet18,none,CC,Aphanizomenon_flosaquae,0.3507838238439701,0.2603389792056035,0.4589627241109928,0.30494537275368955,0.960189212976244,0.7697058851763144,0.0,-1.0,-5.1,0.0,0.24649168786000197,0.10040431163049893,0.04195062673681132
resnet18,none,CC,Dolichospermum_total,0.482490076244367,0.33865202775325687,0.646644083975883,0.46962479885612124,0.7681787295757967,0.0981052787850519,0.0,-4.0,-4.0,missed,0.38811872840502765,0.10549732973005006,0.02399125927895642
resnet18,none,CC,Oscillatoriales,0.6580832726230657,0.48079924375338917,0.8646037749715864,0.6580832726230657,0.954042310777308,0.5764597508876449,0.0,-6.1,-6.1,0.0,0.6334047968563993,0.030399420812698714,0.005720945046032223
resnet18,none,CC_filtered,N_fixing_filamentous_total,0.6692159007884159,0.4946682632103508,0.8817629705286137,0.6550078234964753,0.9223981378222476,0.6354780874031946,0.0,-1.0,-4.0,0.0,0.5335071469253749,0.15430698304992901,0.032806306478828665
resnet18,none,CC_filtered,Aphanizomenon_flosaquae,0.25448863810293676,0.18248816651010458,0.3369477076801863,0.18959383608554672,0.9756783160577022,0.8230958646102565,0.0,-1.0,-4.1,0.0,0.14785722611122795,0.08886826359984872,0.047131653625529915
resnet18,none,CC_filtered,Dolichospermum_total,0.4602114091954,0.3221439598541809,0.6168242171080838,0.4473461318071542,0.7826145859294126,0.09832107669647956,0.0,-4.0,-4.0,missed,0.3678229686948006,0.10351442239131001,0.02399125927895642
resnet18,none,CC_filtered,Oscillatoriales,0.6580832726230657,0.48079924375338917,0.8646037749715864,0.6580832726230657,0.954042310777308,0.5764597508876449,0.0,-6.1,-6.1,0.0,0.6334047968563993,0.030399420812698714,0.005720945046032223
dinov2_vitb14,balanced,CC,N_fixing_filamentous_total,0.20842825042464594,0.14257786299251926,0.2808346139161431,0.1760842714463257,0.9885541228300806,0.7505410069732317,0.0,0.0,0.0,0.0,0.14852536729838142,0.06495160750653073,0.037392703358586465
dinov2_vitb14,balanced,CC,Aphanizomenon_flosaquae,0.09187530648567362,0.05230911544617818,0.13731668462235547,0.04016870246996018,0.9943631653915211,0.8699018106028422,0.0,0.0,0.0,0.0,0.0364342105503823,0.03787796117319336,0.03414346925361548
dinov2_vitb14,balanced,CC,Dolichospermum_total,0.1235728410857636,0.07876790168581421,0.17690637179839097,0.11318230582066857,0.9718617401300638,0.3522029560762662,0.0,0.0,0.0,missed,0.0895987970767302,0.03633527135816051,0.012751762614222105
dinov2_vitb14,balanced,CC,Oscillatoriales,0.05587513070825138,0.03203849001399116,0.08340677869067509,0.05202357405104191,0.9990728937934785,0.7316932015662955,0.0,0.0,0.0,0.0,0.046239883027472735,0.01297042047170046,0.00718672944813128
dinov2_vitb14,balanced,CC_filtered,N_fixing_filamentous_total,0.15287032546631965,0.09788110977250249,0.21359985326584435,0.08855294377221559,0.9919914141765389,0.7960027077400629,0.0,0.0,0.0,0.0,0.08300678178692099,0.05252468679934991,0.04697852481405535
dinov2_vitb14,balanced,CC_filtered,Aphanizomenon_flosaquae,0.07978955958320004,0.04278541842464747,0.12385310357326025,0.01820655793578509,0.9962735760657617,0.8856340142341637,0.0,0.0,0.0,0.0,0.027493104645926223,0.02948877884048183,0.03877532555062295
dinov2_vitb14,balanced,CC_filtered,Dolichospermum_total,0.08033174233993173,0.041383330817496324,0.1297955866056359,0.06378241444731975,0.9782693154047817,0.46795454220747656,0.0,0.0,0.0,missed,0.04894970575188406,0.031243570976805857,0.016410862281370182
dinov2_vitb14,balanced,CC_filtered,Oscillatoriales,0.029693642366763254,0.0147692729498979,0.048791161650400754,0.016054428956894216,0.9995910264591739,0.8289238651896835,0.0,0.0,0.0,0.0,0.02322619741272554,0.006078631954585291,0.013250400410416634
resnet18,balanced,CC,N_fixing_filamentous_total,0.4241619464578043,0.3116815324174082,0.551589190241907,0.40892464697480413,0.9665897783649577,0.6972012072517578,0.0,-1.0,-4.0,0.0,0.3289770939604938,0.11183126079613792,0.03188370778182753
resnet18,balanced,CC,Aphanizomenon_flosaquae,0.20718394717856914,0.13833022975837092,0.284481923201365,0.16579422115390624,0.9810412858751636,0.8260500526247935,0.0,-1.0,0.0,0.0,0.12209172259006948,0.0788097979256903,0.035107299361853556
resnet18,balanced,CC,Dolichospermum_total,0.24181040041767632,0.16222320994666434,0.3279435233028858,0.21069665323446776,0.9090213123493296,0.2645060871327258,0.0,0.0,0.0,missed,0.17469250226842217,0.0677140606824616,0.03170990971641598
resnet18,balanced,CC,Oscillatoriales,0.5482707786246389,0.399347337714227,0.7146774141855562,0.5482707786246389,0.968931352329973,0.5720963044974104,0.0,-6.1,-1.1,0.0,0.5386193271338413,0.015334359685952658,0.005682908195154988
resnet18,balanced,CC_filtered,N_fixing_filamentous_total,0.3867312196683958,0.28296374230354776,0.5120906649571311,0.36673641059467826,0.9704586713574392,0.7193832730773341,0.0,-1.0,-4.0,0.0,0.2913280863105425,0.10984835345739785,0.03444002917326195
resnet18,balanced,CC_filtered,Aphanizomenon_flosaquae,0.20718394717856914,0.13833022975837092,0.284481923201365,0.16579422115390624,0.9810412858751636,0.8260500526247935,0.0,-1.0,0.0,0.0,0.12209172259006948,0.0788097979256903,0.035107299361853556
resnet18,balanced,CC_filtered,Dolichospermum_total,0.22095101427890887,0.14849464897121603,0.300792653932761,0.18457333735875292,0.9249915814498533,0.26243750192751286,0.0,0.0,0.0,missed,0.1528675116384538,0.06573115334372154,0.0340253276234224
resnet18,balanced,CC_filtered,Oscillatoriales,0.5090723754370841,0.3669411507762904,0.6679773398278094,0.5090723754370841,0.9717334018481865,0.5822776794079575,0.0,-6.1,-1.1,0.0,0.5048803237517673,0.011153217359875804,0.006961165674559066
