class,threshold,val_f1,val_n
Amylax_triacantha,0.0,1.0,4
Aphanizomenon_flosaquae,0.52,0.9974919383733429,1398
Aphanothece_paralleliformis,0.0,1.0,6
Beads,0.77,1.0,25
Centrales_sp,0.0,0.9629629629629629,96
Ceratoneis_closterium,0.0,1.0,9
Chaetoceros_sp,0.0,0.9854014598540146,276
Chaetoceros_sp_single,0.0,0.9772727272727273,43
Chlorococcales,0.65,0.8205128205128205,19
Chroococcales,0.0,0.9824561403508771,28
Chroococcus_small,0.44,0.9939759036144579,165
Ciliata,0.0,0.9795918367346939,49
Cryptomonadales,0.68,0.8759124087591241,143
Cryptophyceae-Teleaulax,0.33,0.9826119126896041,1366
Cyclotella_choctawhatcheeana,0.62,0.918918918918919,20
Cymbomonas_tetramitiformis,0.52,0.975609756097561,40
Dinophyceae,0.6,0.9516994633273703,287
Dinophysis_acuminata,0.0,1.0,43
Dolichospermum-Anabaenopsis,0.41,0.979110651499483,2456
Dolichospermum-Anabaenopsis-coiled,0.83,0.9405840886203424,501
Euglenophyceae,0.52,0.9,20
Eutreptiella_sp,0.0,0.9516483516483516,449
Gonyaulax_verior,0.0,0.8571428571428571,4
Gymnodiniales,0.47,0.8571428571428571,14
Gymnodinium_like,0.88,0.8852459016393442,32
Heterocapsa_rotundata,0.54,0.975609756097561,123
Heterocapsa_triquetra,0.0,0.979467680608365,655
Heterocyte,0.51,0.9906542056074766,53
Katablepharis_remigera,0.0,0.9,11
Licmophora_sp,0.7,0.9285714285714286,15
Melosira_arctica,0.0,0.7692307692307693,8
Merismopedia_sp,0.63,0.95,20
Mesodinium_rubrum,0.0,0.9623059866962306,226
Monoraphidium_contortum,0.0,1.0,65
Nitzschia_paleacea,0.0,1.0,13
Nodularia_spumigena,0.86,0.9850746268656716,34
Oocystis_sp,0.54,0.9760479041916168,168
Oscillatoriales,0.77,0.9983098591549295,888
Pauliella_taeniata,0.0,1.0,24
Pennales_sp_thick,0.0,0.963855421686747,42
Pennales_sp_thin,0.0,0.9904153354632588,156
Peridiniella_catenata_chain,0.0,1.0,39
Peridiniella_catenata_single,0.6,0.9833333333333333,180
Prorocentrum_cordatum,0.84,0.9719626168224299,55
Pseudopedinella_sp,0.48,0.9668874172185431,76
Pyramimonas_sp,0.0,0.9817444219066938,245
Skeletonema_marinoi,0.54,0.9951397326852977,826
Snowella-Woronichinia,0.0,0.9948979591836735,590
Thalassiosira_levanderi,0.0,0.9760956175298805,507
Uroglenopsis_sp,0.0,0.9903846153846154,103
