policy,nominal_rate,n_reviewed,realised_rate_main,series,mae_pp,mae_ci_low,mae_ci_high,bias_pp,pearson_r,spearman_r,peak_offset_weeks,onset_1pct,onset_2pct,onset_5pct
no_review,0.0,0,0.0,N_fixing_filamentous_total,0.8030730734818476,0.6019685164266809,1.0632908129899397,0.8002314580234597,0.899742397068416,0.595897116768502,0.0,-1.0,-4.0,0.0
no_review,0.0,0,0.0,Aphanizomenon_flosaquae,0.3507838238439701,0.27022818467885357,0.47279541444802686,0.30494537275368955,0.960189212976244,0.7697058851763144,0.0,-1.0,-5.1,0.0
no_review,0.0,0,0.0,Dolichospermum_total,0.482490076244367,0.3506125959904849,0.6544372730094016,0.46962479885612124,0.7681787295757967,0.0981052787850519,0.0,-4.0,-4.0,missed
no_review,0.0,0,0.0,Oscillatoriales,0.6580832726230657,0.4813030416702508,0.848521161838026,0.6580832726230657,0.954042310777308,0.5764597508876449,0.0,-6.1,-6.1,0.0
triage_policy,0.01,4135,0.03722877464661925,N_fixing_filamentous_total,0.6724517034316978,0.4869544036776913,0.9132207054517938,0.6717412995671008,0.9159613662989101,0.6130626345847399,0.0,-1.0,-4.0,0.0
triage_policy,0.01,4135,0.03722877464661925,Aphanizomenon_flosaquae,0.3166074148180353,0.24094840405178375,0.42179768877341495,0.26841081756610635,0.9665417688927808,0.7760349915295346,0.0,-1.0,-4.1,0.0
triage_policy,0.01,4135,0.03722877464661925,Dolichospermum_total,0.41516653719818064,0.2926122627707236,0.5611101283412713,0.40333048200099453,0.8035601790671877,0.1401043054229713,0.0,-4.0,-4.0,missed
triage_policy,0.01,4135,0.03722877464661925,Oscillatoriales,0.6273031056656865,0.45666018554963006,0.8200330621867016,0.6273031056656865,0.9555361882047145,0.6053877843636439,0.0,-6.1,-6.1,0.0
confidence_only_matched,0.01,4135,0.03722877464661925,N_fixing_filamentous_total,0.6955411440017674,0.5103696496692351,0.9384041372204851,0.6948307401371704,0.9140698011374664,0.5954842005323726,0.0,-1.0,-4.0,0.0
confidence_only_matched,0.01,4135,0.03722877464661925,Aphanizomenon_flosaquae,0.3166074148180353,0.24094840405178375,0.42179768877341495,0.26841081756610635,0.9665417688927808,0.7760349915295346,0.0,-1.0,-4.1,0.0
confidence_only_matched,0.01,4135,0.03722877464661925,Dolichospermum_total,0.41492563371375263,0.2920160266467643,0.5609339536458915,0.4030895785165665,0.8033435699584002,0.1401043054229713,0.0,-4.0,-4.0,missed
confidence_only_matched,0.01,4135,0.03722877464661925,Oscillatoriales,0.6273031056656865,0.45666018554963006,0.8200330621867016,0.6273031056656865,0.9555361882047145,0.6053877843636439,0.0,-6.1,-6.1,0.0
random_matched,0.01,4135,0.03722877464661925,Aphanizomenon_flosaquae,0.3368055015081362,0.2584475457499253,0.45469869717677824,0.29272617007392193,0.9628309516423101,0.7741135963846446,0.0,,,
random_matched,0.01,4135,0.03722877464661925,Dolichospermum_total,0.4660049498294604,0.3356292654221088,0.6307965410727452,0.45368001409152087,0.7784754739964349,0.10629153756146295,0.0,,,
random_matched,0.01,4135,0.03722877464661925,N_fixing_filamentous_total,0.7733403049390951,0.5775017890904754,1.02450579933381,0.7706762904468561,0.9055827087405497,0.5985810723033433,0.0,,,
random_matched,0.01,4135,0.03722877464661925,Oscillatoriales,0.632251413390469,0.46273050708981545,0.8180030593058634,0.632251413390469,0.9570325493673597,0.5819163609306786,0.0,,,
triage_policy,0.02,11741,0.10570811200144054,N_fixing_filamentous_total,0.5364013379677475,0.3971855723191671,0.7252946644989192,0.5364013379677475,0.9494744661619263,0.6756680848412914,0.0,-1.0,-4.0,0.0
triage_policy,0.02,11741,0.10570811200144054,Aphanizomenon_flosaquae,0.25795421294750775,0.1909385232808181,0.3394573262840285,0.21081950754504328,0.9762641536461963,0.809093013421352,0.0,-1.0,-4.1,0.0
triage_policy,0.02,11741,0.10570811200144054,Dolichospermum_total,0.33844710781094983,0.24176882575170275,0.45519850765132397,0.3255818304227041,0.8689474033961028,0.1555739118789128,0.0,-4.0,0.0,missed
triage_policy,0.02,11741,0.10570811200144054,Oscillatoriales,0.5890437316868451,0.43204327345506216,0.7631508139841541,0.5890437316868451,0.9618907114291293,0.5898733083094768,0.0,-6.1,-1.1,0.0
confidence_only_matched,0.02,11741,0.10570811200144054,N_fixing_filamentous_total,0.5576704421387313,0.41375302137075753,0.7497987323429308,0.5576704421387313,0.9476739211934619,0.6675868769133597,0.0,-1.0,-4.0,0.0
confidence_only_matched,0.02,11741,0.10570811200144054,Aphanizomenon_flosaquae,0.2572271976460762,0.1901738564648394,0.33909658066048437,0.21009249224361176,0.9763229797568895,0.809093013421352,0.0,-1.0,-4.1,0.0
confidence_only_matched,0.02,11741,0.10570811200144054,Dolichospermum_total,0.3382062043265219,0.24176882575170275,0.45496964934111733,0.32534092693827615,0.8688131685671175,0.1555739118789128,0.0,-4.0,0.0,missed
confidence_only_matched,0.02,11741,0.10570811200144054,Oscillatoriales,0.5890437316868451,0.43204327345506216,0.7631508139841541,0.5890437316868451,0.9618907114291293,0.5898733083094768,0.0,-6.1,-1.1,0.0
random_matched,0.02,11741,0.10570811200144054,Aphanizomenon_flosaquae,0.3136686340894658,0.2402343485742485,0.4228231489376749,0.2748681416315016,0.9680989512600349,0.7807393223061886,0.0,,,
random_matched,0.02,11741,0.10570811200144054,Dolichospermum_total,0.43142862096099355,0.3100351095103461,0.5810709586538179,0.419618296318584,0.8058901021995268,0.11830436240309619,0.0,,,
random_matched,0.02,11741,0.10570811200144054,N_fixing_filamentous_total,0.719929744503243,0.5380357805231206,0.9531410555329245,0.7176209319433027,0.9171182830616891,0.6071389289168739,0.0,,,
random_matched,0.02,11741,0.10570811200144054,Oscillatoriales,0.5874922665783282,0.4296515083062736,0.7608182264901726,0.5874922665783282,0.9621286084080927,0.5836366031101836,0.0,,,
triage_policy,0.05,33498,0.3015935896281624,N_fixing_filamentous_total,0.22591358382891777,0.16343652353116114,0.304984610360235,0.22591358382891777,0.9896609963455358,0.8171028986906302,0.0,-1.0,0.0,0.0
triage_policy,0.05,33498,0.3015935896281624,Aphanizomenon_flosaquae,0.1171407425181086,0.07832221569783836,0.1656336875868737,0.098671679460612,0.992962118130354,0.8871956973586119,0.0,0.0,0.0,0.0
triage_policy,0.05,33498,0.3015935896281624,Dolichospermum_total,0.1334172375146637,0.09110147126073473,0.18702179235008462,0.12724190436830574,0.9732823498744795,0.3496765058197227,0.0,0.0,0.0,missed
triage_policy,0.05,33498,0.3015935896281624,Oscillatoriales,0.3526005822568742,0.25491567256909575,0.46216324974647366,0.3526005822568742,0.9855131145645857,0.6343523761727118,0.0,-4.1,-1.1,0.0
confidence_only_matched,0.05,33498,0.3015935896281624,N_fixing_filamentous_total,0.3198700985100023,0.23599176399384741,0.4260908523030899,0.3198700985100023,0.9822311755323511,0.7622135384745905,0.0,-1.0,-3.1,0.0
confidence_only_matched,0.05,33498,0.3015935896281624,Aphanizomenon_flosaquae,0.12954807838034788,0.08614790581695687,0.1837316308646494,0.09606810193830913,0.9904247498304131,0.8825785860432948,0.0,0.0,0.0,0.0
confidence_only_matched,0.05,33498,0.3015935896281624,Dolichospermum_total,0.21396670886232588,0.15178477434447293,0.29068177802072515,0.20830598681149773,0.9467515086213906,0.2259173996679581,0.0,0.0,0.0,missed
confidence_only_matched,0.05,33498,0.3015935896281624,Oscillatoriales,0.4610325623886559,0.33461932004376155,0.5926240251349234,0.4610325623886559,0.975559660867946,0.5981153737132531,0.0,-6.1,-1.1,0.0
random_matched,0.05,33498,0.3015935896281624,Aphanizomenon_flosaquae,0.24822960600242538,0.18606586345195308,0.33273318420198805,0.21285422346453603,0.9791267535194645,0.7901437321503334,0.0,,,
random_matched,0.05,33498,0.3015935896281624,Dolichospermum_total,0.3363803934397668,0.24091190850414682,0.4556973015574652,0.3273746992679948,0.8684687478629305,0.17118395630299404,0.0,,,
random_matched,0.05,33498,0.3015935896281624,N_fixing_filamentous_total,0.5607031831458826,0.4176822433479492,0.7435816560243591,0.5586785321317811,0.9471592664070311,0.6541049765200934,0.0,,,
random_matched,0.05,33498,0.3015935896281624,Oscillatoriales,0.4640644785679334,0.33499705665704227,0.6027009674090673,0.4640644785679334,0.9748371033826444,0.608811362659065,0.0,,,
triage_policy,0.1,53470,0.48140812100477176,N_fixing_filamentous_total,0.10756354548992562,0.07229910938035411,0.14870399195192294,0.10543233389613461,0.9965217006574631,0.89252313349167,0.0,0.0,0.0,0.0
triage_policy,0.1,53470,0.48140812100477176,Aphanizomenon_flosaquae,0.05850428387549221,0.03368853615165245,0.09107294767577877,0.04339950084091918,0.9968980121634679,0.9309902541372943,0.0,0.0,0.0,0.0
triage_policy,0.1,53470,0.48140812100477176,Dolichospermum_total,0.06563511072392422,0.037565322562067474,0.10098709785901186,0.06203283305521542,0.987909658081608,0.5031547227950937,0.0,0.0,0.0,missed
triage_policy,0.1,53470,0.48140812100477176,Oscillatoriales,0.24072022594241996,0.18373029962211657,0.3058128046126556,0.24072022594241996,0.9944760149674328,0.6486653062471297,0.0,-1.1,0.0,0.0
confidence_only_matched,0.1,53470,0.48140812100477176,N_fixing_filamentous_total,0.16702822497185307,0.1182780267857651,0.22469986047270582,0.16702822497185307,0.9939470449980513,0.8076003295856611,0.0,-1.0,0.0,0.0
confidence_only_matched,0.1,53470,0.48140812100477176,Aphanizomenon_flosaquae,0.0673121219133267,0.04384905307184702,0.0982920082817383,0.04945959307039634,0.9969111275036701,0.9292092499526162,0.0,0.0,0.0,0.0
confidence_only_matched,0.1,53470,0.48140812100477176,Dolichospermum_total,0.11537875954765602,0.07909821860256144,0.15541266532290945,0.11280570407000688,0.9823765563137683,0.3625958530299196,0.0,0.0,0.0,missed
confidence_only_matched,0.1,53470,0.48140812100477176,Oscillatoriales,0.31404022597868364,0.22518236074251846,0.41032627636843594,0.31404022597868364,0.9869788004001301,0.6102414928053477,0.0,-1.1,-1.1,0.0
random_matched,0.1,53470,0.48140812100477176,Aphanizomenon_flosaquae,0.18350161697784764,0.133907157690104,0.24952414434417608,0.15930003890237382,0.9876422774070752,0.8292773952049087,0.0,,,
random_matched,0.1,53470,0.48140812100477176,Dolichospermum_total,0.2502870828122522,0.17643095198967568,0.34227400191374857,0.2441424057909479,0.9200078100520171,0.22714841288649815,0.0,,,
random_matched,0.1,53470,0.48140812100477176,N_fixing_filamentous_total,0.41937761868693,0.30958050289976263,0.5590375424417855,0.4175301972442346,0.9682341619066381,0.7109731002823212,0.0,,,
random_matched,0.1,53470,0.48140812100477176,Oscillatoriales,0.3434752733797039,0.2446763985600222,0.4488832644372878,0.3434752733797039,0.9849729319890873,0.6201772716585875,0.0,,,
triage_policy,0.2,75294,0.677896821824075,N_fixing_filamentous_total,0.028903481588500205,0.015088556504486154,0.04513524944335759,0.02819307772390319,0.999511075449008,0.9506987018322793,0.0,0.0,0.0,0.0
triage_policy,0.2,75294,0.677896821824075,Aphanizomenon_flosaquae,0.018030646211375366,0.00807727706767689,0.030802658467684308,0.01660983848218135,0.9995371976823826,0.9676714014057449,0.0,0.0,0.0,0.0
triage_policy,0.2,75294,0.677896821824075,Dolichospermum_total,0.013641683623841163,0.005987938962997067,0.021987455678662234,0.011583239241721827,0.99931658903481,0.7523852812203689,0.0,0.0,0.0,0.0
triage_policy,0.2,75294,0.677896821824075,Oscillatoriales,0.13635604233592458,0.10321291322531073,0.17077385925144098,0.13635604233592458,0.9982252053513446,0.6552439869140885,0.0,0.0,0.0,0.0
confidence_only_matched,0.2,75294,0.677896821824075,N_fixing_filamentous_total,0.08157366609875355,0.053871070883438434,0.11335097053872396,0.08086326223415655,0.9981660089968123,0.8649322951496106,0.0,0.0,0.0,0.0
confidence_only_matched,0.2,75294,0.677896821824075,Aphanizomenon_flosaquae,0.02832154383650012,0.015291555488763237,0.04500648060325239,0.024769524513515016,0.9992204394032094,0.9666993244183322,0.0,0.0,0.0,0.0
confidence_only_matched,0.2,75294,0.677896821824075,Dolichospermum_total,0.05388973623038146,0.029557891374043424,0.08162704487243533,0.05337512513485163,0.9929304883365977,0.5346577570589875,0.0,0.0,0.0,0.0
confidence_only_matched,0.2,75294,0.677896821824075,Oscillatoriales,0.16296427805390434,0.11796758749319594,0.21441711208929348,0.16296427805390434,0.9965313385910077,0.6453061740842129,0.0,-1.1,0.0,0.0
random_matched,0.2,75294,0.677896821824075,Aphanizomenon_flosaquae,0.10922822696053418,0.07602741412399894,0.14972221632694754,0.09585802820650487,0.9951778753850808,0.8674612152824931,0.0,,,
random_matched,0.2,75294,0.677896821824075,Dolichospermum_total,0.15845783052331902,0.1072014631371436,0.22123729392293115,0.15393986380602315,0.9632547420335189,0.3141133054355598,0.0,,,
random_matched,0.2,75294,0.677896821824075,N_fixing_filamentous_total,0.25883054477138867,0.18552472885690105,0.35038072499993217,0.2574726212731212,0.9860179242664755,0.7632325823721237,0.0,,,
random_matched,0.2,75294,0.677896821824075,Oscillatoriales,0.2111134472947353,0.1486662266771888,0.277848834411342,0.2111134472947353,0.9938632452584091,0.6389359156472181,0.0,,,
triage_policy,0.3,89335,0.8043125956603944,N_fixing_filamentous_total,0.012932889318486752,0.005273030434138149,0.023137708150402222,0.012932889318486752,0.9998336979997254,0.9896508577208608,0.0,0.0,0.0,0.0
triage_policy,0.3,89335,0.8043125956603944,Aphanizomenon_flosaquae,0.007676428479425198,0.0013418148809287759,0.01707579869203887,0.007676428479425198,0.9997896247311917,0.9928104559765231,0.0,0.0,0.0,0.0
triage_policy,0.3,89335,0.8043125956603944,Dolichospermum_total,0.00577107193459137,0.001885109586457865,0.010234202360447555,0.005256460839061536,0.9998043514688515,0.854494349294404,0.0,0.0,0.0,0.0
triage_policy,0.3,89335,0.8043125956603944,Oscillatoriales,0.07984254726500878,0.055166545602090104,0.10692375069829581,0.07984254726500878,0.9989223043941888,0.701425728673256,0.0,0.0,0.0,0.0
confidence_only_matched,0.3,89335,0.8043125956603944,N_fixing_filamentous_total,0.0374823316243521,0.022829211170292428,0.054707129698908216,0.03677192775975509,0.9993719978832365,0.9266564772879115,0.0,0.0,0.0,0.0
confidence_only_matched,0.3,89335,0.8043125956603944,Aphanizomenon_flosaquae,0.01324566855872464,0.003759233511501861,0.02674916118785757,0.011824860829530623,0.9995381883828531,0.9979537794896485,0.0,0.0,0.0,0.0
confidence_only_matched,0.3,89335,0.8043125956603944,Dolichospermum_total,0.022964159591484415,0.011253423927388782,0.03772077612163672,0.022964159591484415,0.997957849766143,0.6950220557913612,0.0,0.0,0.0,0.0
confidence_only_matched,0.3,89335,0.8043125956603944,Oscillatoriales,0.07570244308701793,0.048280328238720485,0.10532293193700004,0.07570244308701793,0.9987791100240458,0.718607691954535,0.0,0.0,0.0,0.0
random_matched,0.3,89335,0.8043125956603944,Aphanizomenon_flosaquae,0.07062701127474555,0.0457853243378292,0.1006664138397126,0.05851359556914534,0.9972778601367043,0.9070193482857383,0.0,,,
random_matched,0.3,89335,0.8043125956603944,Dolichospermum_total,0.09429806450741193,0.06064065859233571,0.1352987965524467,0.09098874525361138,0.9837968125018157,0.4303026155634718,0.0,,,
random_matched,0.3,89335,0.8043125956603944,N_fixing_filamentous_total,0.15580339317991598,0.10797407311545544,0.21352164200012927,0.15420679365504494,0.9941234957793901,0.8280058417159193,0.0,,,
random_matched,0.3,89335,0.8043125956603944,Oscillatoriales,0.13113139613345343,0.09024810420171922,0.176599444251733,0.13107617527764062,0.9972668323356239,0.6751651233739775,0.0,,,
triage_policy,0.5,101532,0.9141262267038804,N_fixing_filamentous_total,0.005824268592269996,0.00024090348442799982,0.015554396647322536,0.005824268592269996,0.9998746231263338,0.9991574386133847,0.0,0.0,0.0,0.0
triage_policy,0.5,101532,0.9141262267038804,Aphanizomenon_flosaquae,0.004188323845222221,0.0,0.012324068051238665,0.004188323845222221,0.9998251057837559,0.9981945113143957,0.0,0.0,0.0,0.0
triage_policy,0.5,101532,0.9141262267038804,Dolichospermum_total,0.001635944747047775,0.0,0.0046884286334112355,0.001635944747047775,0.9999366661546458,0.9337961714372539,0.0,0.0,0.0,0.0
triage_policy,0.5,101532,0.9141262267038804,Oscillatoriales,0.025656799336267928,0.009189049942318787,0.048319094839302044,0.025656799336267928,0.9994046017748476,0.8171095177542885,0.0,0.0,0.0,0.0
confidence_only_matched,0.5,101532,0.9141262267038804,N_fixing_filamentous_total,0.014241464633561815,0.0029807693775467884,0.030170418540496284,0.014241464633561815,0.9996618343117198,0.9616499109527857,0.0,0.0,0.0,0.0
confidence_only_matched,0.5,101532,0.9141262267038804,Aphanizomenon_flosaquae,0.004429227329650206,0.0,0.012805875020094636,0.004429227329650206,0.9998235999168599,0.9981945113143957,0.0,0.0,0.0,0.0
confidence_only_matched,0.5,101532,0.9141262267038804,Dolichospermum_total,0.007829329965171538,0.0008692776653007853,0.019486100586253607,0.007829329965171538,0.9988840097638143,0.8531884952792919,0.0,0.0,0.0,0.0
confidence_only_matched,0.5,101532,0.9141262267038804,Oscillatoriales,0.019646293126941234,0.00857837595281071,0.03243692673078912,0.019646293126941234,0.9997955056449052,0.8210532777802229,0.0,0.0,0.0,0.0
random_matched,0.5,101532,0.9141262267038804,Aphanizomenon_flosaquae,0.03299878221056856,0.018045157947658284,0.05196381849874678,0.02834722219450906,0.9990362784991076,0.9461191317368168,0.0,,,
random_matched,0.5,101532,0.9141262267038804,Dolichospermum_total,0.042453457468854885,0.02310318463483598,0.06699970445557048,0.040227015011290466,0.9940944638590654,0.6006708407547736,0.0,,,
random_matched,0.5,101532,0.9141262267038804,N_fixing_filamentous_total,0.07210776186086022,0.04495539371875088,0.10488095096352064,0.07072045684337448,0.998074058455171,0.8918933847348244,0.0,,,
random_matched,0.5,101532,0.9141262267038804,Oscillatoriales,0.06111919126792111,0.0379257601805358,0.08653081680671448,0.06107340560890523,0.9991448803622044,0.7251515144234953,0.0,,,
