key,authors,year,title,journal,volume,pages,doi,sections,role,doi_check,abstract_read,sjr_quartile_expected_UNVERIFIED,supports
R01,"Kraft, K. et al.",2022,"Towards operational phytoplankton recognition with automated high-throughput imaging, near-real-time data processing, and convolutional neural networks",Frontiers in Marine Science,9,867695,10.3389/fmars.2022.867695,"2.1, 2.5, 3",core,Crossref record; doi.org 302,OpenAlex + full text read,Q1,Source of both datasets; Utö near-real-time IFCB pipeline (about 2 h delay); class-specific probability thresholds for unclassifiable images; 2021 bloom sequence used for external consistency.
R02,"Kraft, K. et al.",2021,First Application of IFCB High-Frequency Imaging-in-Flow Cytometry to Investigate Bloom-Forming Filamentous Cyanobacteria in the Baltic Sea,Frontiers in Marine Science,8,594144,10.3389/fmars.2021.594144,"2.1, 2.7",core,Crossref record; doi.org 302,OpenAlex,Q1,First IFCB study of bloom-forming filamentous cyanobacteria in the Baltic Sea; motivates image-based cyanobacteria monitoring.
R03,"Kraft, K. et al.",2025,"Monitoring cyanobacteria blooms with complementary measurements – a similar story told using high-throughput imaging, optical sensors, light microscopy, and satellite-based methods",Harmful Algae,147,102865,10.1016/j.hal.2025.102865,"2.1, 2.7",core,Crossref record; doi.org 302,OpenAlex,Q1,"In situ imaging flow cytometry gives cyanobacteria bloom patterns similar to microscopy, optical sensors and satellites; supports IFCB as a monitoring tool."
R04,"Agarwal, V. et al.",2023,Sub-monthly prediction of harmful algal blooms based on automated cell imaging,Harmful Algae,122,102386,10.1016/j.hal.2023.102386,2.1,supporting,Crossref record; doi.org 302,Europe PMC,Q1,"Daily IFCB time series used to forecast HAB taxa (Pseudo-nitzschia, Dinophysis); shows downstream use of IFCB abundances."
R05,"Houliez, E. et al.",2023,Does prey availability influence the detection of Dinophysis spp. by the imaging FlowCytobot?,Harmful Algae,130,102544,10.1016/j.hal.2023.102544,"2.1, 2.7",supporting,Crossref record; doi.org 302,Europe PMC,Q1,IFCB increasingly used to monitor harmful algae; detection of Dinophysis can be biased; supports Dinophysis as a high-risk taxon and measurement caveats.
R06,"Henrichs, D. et al.",2021,Application of a convolutional neural network to improve automated early warning of harmful algal blooms,Environmental Science and Pollution Research,28,28544-28555,10.1007/s11356-021-12471-2,"2.1, 2.2",supporting,Crossref record; doi.org 302,Europe PMC,Q1-Q2,CNN classifier for IFCB-based HAB early warning (Texas coast); classifier choice affects warning performance.
R07,"Fischer, A. et al.",2020,Return of the “age of dinoflagellates” in Monterey Bay: Drivers of dinoflagellate dominance examined using automated imaging flow cytometry and long‐term time series analysis,Limnology and Oceanography,65,2125-2141,10.1002/lno.11443,2.1,supporting,Crossref record; doi.org 302,OpenAlex,Q1,Long-term IFCB time series to study HAB-associated community shifts; abundance time series as the product of IFCB monitoring.
R08,"Orenstein, E. et al.",2020,The Scripps Plankton Camera system: A framework and platform for in situ microscopy,Limnology and Oceanography: Methods,18,681-695,10.1002/lom3.10394,"2.1, 2.6",optional,Crossref record; doi.org 302,OpenAlex,Q1,In situ imaging system design must include human annotation and automated classification.
R09,"Goodwin, M. et al.",2022,"Unlocking the potential of deep learning for marine ecology: overview, applications, and outlook",ICES Journal of Marine Science,79,319-336,10.1093/icesjms/fsab255,2.2,supporting,Crossref record; doi.org 302,OpenAlex,Q1,Overview of deep learning in marine ecology; need for collaboration across ecology and data science.
R10,"Maracani, A. et al.",2023,In-domain versus out-of-domain transfer learning in plankton image classification,Scientific Reports,13,10443,10.1038/s41598-023-37627-7,2.2,core,Crossref record; doi.org 302,OpenAlex,Q1,In-domain vs out-of-domain transfer learning for plankton images; motivates comparing generic and domain-specific pretrained features.
R11,"Ciranni, M. et al.",2024,Computer vision and deep learning meet plankton: Milestones and future directions,Image and Vision Computing,143,104934,10.1016/j.imavis.2024.104934,2.2,supporting,Crossref record; doi.org 302,OpenAlex,Q1,Review of computer vision for plankton: milestones and open problems.
R12,"Eerola, T. et al.",2024,"Survey of automatic plankton image recognition: challenges, existing solutions and future perspectives",Artificial Intelligence Review,57,114,10.1007/s10462-024-10745-y,"2.2, 2.3, 2.5",core,Crossref record; doi.org 302,OpenAlex,Q1,"Survey of plankton recognition challenges: class imbalance, dataset shift, out-of-distribution particles."
R13,"Bachimanchi, H. et al.",2024,Deep‐learning‐powered data analysis in plankton ecology,Limnology and Oceanography Letters,9,324-339,10.1002/lol2.10392,2.2,supporting,Crossref record; doi.org 302,OpenAlex,Q1,"Deep learning in plankton ecology, including shortcomings."
R14,"Kyathanahally, S. et al.",2022,Ensembles of data-efficient vision transformers as a new paradigm for automated classification in ecology,Scientific Reports,12,18590,10.1038/s41598-022-21910-0,"2.2, 2.4",core,Crossref record; doi.org 302,OpenAlex,Q1,Classifier imprecision introduces measurement noise that hinders ecological interpretation; directly motivates abundance-level evaluation.
R15,"Nanni, L. et al.",2025,Convolutional neural networks and vision transformers for Plankton Classification,Ecological Informatics,90,103272,10.1016/j.ecoinf.2025.103272,2.2,supporting,Crossref record; doi.org 302,OpenAlex,Q1,CNNs vs vision transformers for plankton classification across datasets.
R16,"Zhong, X. et al.",2026,Self-supervised transfer learning for few-shot classification on marine plankton images,Frontiers in Marine Science,12,1729254,10.3389/fmars.2025.1729254,2.2,supporting,Crossref record; doi.org 302,OpenAlex,Q1,Self-supervised contrastive representations for plankton classification.
R17,"Orenstein, E. et al.",2022,Machine learning techniques to characterize functional traits of plankton from image data,Limnology and Oceanography,67,1647-1669,10.1002/lno.12101,2.4,supporting,Crossref record; doi.org 302,OpenAlex,Q1,Functional traits such as size and biovolume from plankton images; supports the area-based biomass proxy.
R18,"Ong, C. et al.",2025,An evaluation of a pre-trained transformer-based self-distillation model (DINOv2) for cross-domain plant species identification,Neural Computing and Applications,37,21969-21995,10.1007/s00521-025-11499-6,2.2,supporting,Crossref record; doi.org 302,OpenAlex,Q1,Evaluation of frozen DINOv2 features for cross-domain species identification.
R19,"Kofidis, A. et al.",2026,High-accuracy fish species identification using transfer learning on vision foundation models,Frontiers in Marine Science,13,1754181,10.3389/fmars.2026.1754181,2.2,supporting,Crossref record; doi.org 302,OpenAlex,Q1,Transfer learning on vision foundation models for marine species identification.
R20,"Chen, C. et al.",2024,Producing plankton classifiers that are robust to dataset shift,Limnology and Oceanography: Methods,23,39-66,10.1002/lom3.10659,2.3,core,Crossref record; doi.org 302,OpenAlex,Q1,Plankton classifiers that perform well in-dataset fail under dataset shift on deployment days; directly motivates the temporal-shift test.
R21,"Chauhan, P. et al.",2026,A Step Toward Instrument-Agnostic Plankton Classification in the Shared Label Space of IFCB and FlowCam Data,IEEE Access,14,9473-9489,10.1109/access.2026.3652320,2.3,supporting,Crossref record; doi.org 302,OpenAlex,Q1-Q2,Domain shift between IFCB and FlowCam and class imbalance in plankton classification.
R22,"Dussert, G. et al.",2024,Being confident in confidence scores: calibration in deep learning models for camera trap image sequences,Remote Sensing in Ecology and Conservation,11,88-99,10.1002/rse2.412,2.3,core,Crossref record; doi.org 302,OpenAlex,Q1,Calibration of confidence scores in ecological deep learning and its consequences for downstream ecological tasks; motivates T2.
R23,"Fiksel, J. et al.",2021,Generalized Bayes Quantification Learning under Dataset Shift,Journal of the American Statistical Association,117,2163-2181,10.1080/01621459.2021.1909599,2.4,core,Crossref record; doi.org 302,OpenAlex,Q1,"Quantification assumes transportable misclassification rates, which fails under dataset shift; explains why ACC helps little."
R24,"González, P. et al.",2024,Binary quantification and dataset shift: an experimental investigation,Data Mining and Knowledge Discovery,38,1670-1712,10.1007/s10618-024-01014-1,2.4,core,Crossref record; doi.org 302,OpenAlex,Q1,Quantification methods mostly tested under prior-probability shift; behaviour under other shifts unclear.
R25,"Moreo, A. et al.",2025,Kernel density estimation for multiclass quantification,Machine Learning,114,92,10.1007/s10994-024-06726-5,2.4,supporting,Crossref record; doi.org 302,Springer page,Q1,"Current multiclass quantification (distribution matching, KDEy); context for CC and ACC as baselines."
R26,"Pastore, V. et al.",2020,Annotation-free learning of plankton for classification and anomaly detection,Scientific Reports,10,12142,10.1038/s41598-020-68662-3,2.5,supporting,Crossref record; doi.org 302,OpenAlex,Q1,Plankton classification with anomaly detection for unknown particles.
R27,"Schröder, S. et al.",2020,MorphoCluster: Efficient Annotation of Plankton Images by Clustering,Sensors,20,3060,10.3390/s20113060,2.6,supporting,Crossref record; doi.org 302,OpenAlex,Q1-Q2,Interactive annotation of large plankton image sets; expert time as the bottleneck.
R28,"Miao, Z. et al.",2021,Iterative human and automated identification of wildlife images,Nature Machine Intelligence,3,885-895,10.1038/s42256-021-00393-0,2.6,core,Crossref record; doi.org 302,arXiv abstract,Q1,Human-in-the-loop identification reaches about 90% accuracy with about 20% of human annotations; closest analogue to selective expert review.
R29,"Kellenberger, B. et al.",2020,AIDE: Accelerating image‐based ecological surveys with interactive machine learning,Methods in Ecology and Evolution,11,1716-1727,10.1111/2041-210x.13489,2.6,supporting,Crossref record; doi.org 302,OpenAlex,Q1,Human and model feedback loop for ecological image surveys.
R30,"Bodesheim, P. et al.",2022,Pre-trained models are not enough: active and lifelong learning is important for long-term visual monitoring of mammals in biodiversity research—Individual identification and attribute prediction with image features from deep neural networks and decoupled decision models applied to elephants and great apes,Mammalian Biology,102,875-897,10.1007/s42991-022-00224-8,"2.3, 2.6",optional,Crossref record; doi.org 302,OpenAlex,Q2,Pre-trained models degrade in long-term monitoring with changing conditions; need for human involvement.
R31,"Karlson, B. et al.",2021,Harmful algal blooms and their effects in coastal seas of Northern Europe,Harmful Algae,102,101989,10.1016/j.hal.2021.101989,2.7,core,Crossref record; doi.org 302,OpenAlex,Q1,Review of harmful algal blooms in northern European seas including the Baltic Sea.
R32,"Kahru, M. et al.",2020,Cyanobacterial blooms in the Baltic Sea: Correlations with environmental factors,Harmful Algae,92,101739,10.1016/j.hal.2019.101739,2.7,supporting,Crossref record; doi.org 302,Europe PMC,Q1,Baltic cyanobacteria blooms occur almost every summer; prediction capability is poorly developed.
R33,"Munkes, B. et al.",2021,Cyanobacteria blooms in the Baltic Sea: a review of models and facts,Biogeosciences,18,2347-2378,10.5194/bg-18-2347-2021,2.7,core,Crossref record; doi.org 302,OpenAlex,Q1,"Review of Baltic cyanobacteria bloom dynamics: nitrogen fixation, eutrophication, controls."
R34,"Almuhtaram, H. et al.",2021,State of knowledge on early warning tools for cyanobacteria detection,Ecological Indicators,133,108442,10.1016/j.ecolind.2021.108442,2.7,core,Crossref record; doi.org 302,OpenAlex,Q1,Early warning tools for cyanobacteria must detect bloom onset and toxin producers; motivates onset metrics.
R35,"Löptien, U. & Dietze, H.",2022,Retracing cyanobacteria blooms in the Baltic Sea,Scientific Reports,12,10873,10.1038/s41598-022-14880-w,2.7,supporting,Crossref record; doi.org 302,OpenAlex,Q1,"Late-summer blooms, toxins and nitrogen input in the Baltic Sea."
R36,"Karlson, B. et al.",2022,A suggested climate service for cyanobacteria blooms in the Baltic Sea – Comparing three monitoring methods,Harmful Algae,118,102291,10.1016/j.hal.2022.102291,2.7,core,Crossref record; doi.org 302,OpenAlex,Q1,"Comparison of microscopy, satellite and phycocyanin monitoring of Baltic cyanobacteria; need for multi-method observation."
R37,"Recknagel, F. et al.",2025,Early warning of harmful cyanobacteria blooms based on high frequency in situ monitoring and intelligible machine learning modelling: The case study of Lake Müggelsee (Germany),Water Research,287,124514,10.1016/j.watres.2025.124514,2.7,supporting,Crossref record; doi.org 302,OpenAlex,Q1,Early warning of cyanobacteria blooms from high-frequency in situ data and interpretable ML.
R38,"Chen, G. et al.",2021,Comprehensive insights into the occurrence and toxicological issues of nodularins,Marine Pollution Bulletin,162,111884,10.1016/j.marpolbul.2020.111884,2.7,core,Crossref record; doi.org 302,Europe PMC,Q1,"Nodularins, mainly produced by Nodularia spumigena, and their adverse effects; supports N. spumigena as high-risk taxon."
R39,"Olofsson, M. et al.",2020,Nitrogen fixation estimates for the Baltic Sea indicate high rates for the previously overlooked Bothnian Sea,Ambio,50,203-214,10.1007/s13280-020-01331-x,2.7,supporting,Crossref record; doi.org 302,OpenAlex,Q1,Nitrogen fixation by summer filamentous cyanobacteria blooms in the Baltic Sea.
M01,"Olson, R. J., & Sosik, H. M.",2007,A submersible imaging-in-flow instrument to analyze nano- and microplankton: Imaging FlowCytobot,Limnology and Oceanography: Methods,,,10.4319/lom.2007.5.195,methods/data,provenance (exception),Crossref + doi.org,n/a,n/a,IFCB instrument (data acquisition)
M02,"Laakso, L., et al.",2018,100 years of atmospheric and marine observations at the Finnish Utö Island in the Baltic Sea,Ocean Science,,,10.5194/os-14-617-2018,methods/data,provenance (exception),Crossref + doi.org,n/a,n/a,Utö station description
M03,"Forman, G.",2008,Quantifying counts and costs via classification,Data Mining and Knowledge Discovery,,,10.1007/s10618-008-0097-y,methods/data,provenance (exception),Crossref + doi.org,n/a,n/a,Adjusted classify and count (method used)
M04,"He, K., Zhang, X., Ren, S., & Sun, J.",2016,Deep residual learning for image recognition,CVPR 2016,,,10.1109/CVPR.2016.90,methods/data,provenance (exception),Crossref + doi.org,n/a,n/a,ResNet-18 backbone
M05,"Oquab, M., et al.",2024,DINOv2: Learning robust visual features without supervision,Transactions on Machine Learning Research,,,arXiv:2304.07193,methods/data,provenance (exception),"arXiv + HAL record (journal title TMLR, 2024)",n/a,n/a,DINOv2 backbone
M06,"Radford, A., et al.",2021,Learning transferable visual models from natural language supervision,"ICML 2021, PMLR 139, 8748-8763",,,arXiv:2103.00020,methods/data,provenance (exception),PMLR page,n/a,n/a,CLIP backbone
M07,"Gu, J., et al.",2025,BioCLIP 2: Emergent properties from scaling hierarchical contrastive learning,NeurIPS 2025 (spotlight),,,arXiv:2505.23883,methods/data,provenance (exception),arXiv + OpenReview venue field,n/a,n/a,BioCLIP 2 backbone
M08,"Guo, C., Pleiss, G., Sun, Y., & Weinberger, K. Q.",2017,On calibration of modern neural networks,"ICML 2017, PMLR 70, 1321-1330",,,arXiv:1706.04599,methods/data,provenance (exception),PMLR page,n/a,n/a,Temperature scaling (method used)
M09,"Kraft, K., et al.",2022,SYKE-plankton_IFCB_2022 (dataset),B2SHARE,,,10.23728/b2share.abf913e5a6ad47e6baa273ae0ed6617a,methods/data,provenance (exception),DataCite DOI via doi.org,n/a,n/a,Training data
M10,"Kraft, K., Haraguchi, L., Velhonoja, O., & Seppälä, J.",2022,SYKE-plankton_IFCB_Utö_2021 (dataset),B2SHARE,,,10.23728/b2share.7c273b6f409c47e98a868d6517be3ae3,methods/data,provenance (exception),DataCite DOI via doi.org,n/a,n/a,Test data
