features,class_weight,method,sample_set,series,n_samples,mae_pp,mae_ci_low,mae_ci_high,bias_pp,pearson_r,spearman_r,peak_offset_weeks,onset_1pct,onset_2pct,onset_5pct
dinov2_vitb14,none,CC,main,N_fixing_filamentous_total,47,0.41605606261100614,0.2787237709735742,0.5726339832611722,0.41605606261100614,0.9569093762931309,0.6841849755577711,0.0,-1.0,-3.1,0.0
dinov2_vitb14,none,CC,main,Aphanizomenon_flosaquae,47,0.20320332253155216,0.13155755890794107,0.2883678698855592,0.1750949043042932,0.9786449495583903,0.780391912892284,0.0,-1.0,0.0,0.0
dinov2_vitb14,none,CC,main,Dolichospermum_total,47,0.2260209466958729,0.1532676492470481,0.31120634667963876,0.22138944683610443,0.9336379346716459,0.32719000099465595,0.0,0.0,0.0,missed
dinov2_vitb14,none,CC,main,Oscillatoriales,47,0.051053326215059036,0.02951841478518054,0.07592153241337088,0.04421968922235452,0.9992347914751399,0.7514733829697949,0.0,0.0,0.0,0.0
dinov2_vitb14,none,CC,all_complete,N_fixing_filamentous_total,58,0.4852335709126417,0.3413225822415212,0.6533435956702164,0.4852335709126417,0.9381502526990458,0.6720967953915498,0.0,-1.0,-3.1,0.0
dinov2_vitb14,none,CC,all_complete,Aphanizomenon_flosaquae,58,0.26229116238665157,0.1654565521877573,0.38450832100273175,0.23656808512315955,0.9472996448989792,0.7372806590754657,0.0,-1.0,0.0,0.0
dinov2_vitb14,none,CC,all_complete,Dolichospermum_total,58,0.2348749290875314,0.1687872754884616,0.3032978878598066,0.23112181713220178,0.9290449424574726,0.42604034715375266,0.0,0.0,0.0,missed
dinov2_vitb14,none,CC,all_complete,Oscillatoriales,58,0.05593546542837277,0.037523875502398295,0.07824266284397541,0.050397863037732915,0.9996252732562217,0.7828817366309404,0.0,0.0,0.0,0.0
dinov2_vitb14,none,ACC,main,N_fixing_filamentous_total,47,0.38459277770350386,0.25435515711688106,0.5334007200113687,0.3804019244852001,0.9612937731139477,0.6950450545348786,0.0,-1.0,-3.1,0.0
dinov2_vitb14,none,ACC,main,Aphanizomenon_flosaquae,47,0.19874026924476076,0.12910409116456315,0.28110339039889093,0.1695098158176758,0.9795529569293348,0.7834667664229071,0.0,-1.0,0.0,0.0
dinov2_vitb14,none,ACC,main,Dolichospermum_total,47,0.19612020758914117,0.12944209090210365,0.27312574515770205,0.19117460889475302,0.9443975282857665,0.35847416356280054,0.0,0.0,0.0,missed
dinov2_vitb14,none,ACC,main,Oscillatoriales,47,0.04692845538857831,0.026304908242332233,0.07046310875248127,0.04139475770542471,0.9992971874594264,0.7591048161153158,0.0,0.0,0.0,0.0
dinov2_vitb14,none,ACC,all_complete,N_fixing_filamentous_total,58,0.4426373108385755,0.30915149788826923,0.6013685621842688,0.43924127460994994,0.9438662131883453,0.6808942851166507,0.0,-1.0,-3.1,0.0
dinov2_vitb14,none,ACC,all_complete,Aphanizomenon_flosaquae,58,0.256369458602329,0.1607764658517365,0.3769450202512913,0.23024348803897976,0.948292215261017,0.7449231545497257,0.0,-1.0,0.0,0.0
dinov2_vitb14,none,ACC,all_complete,Dolichospermum_total,58,0.1954058312079373,0.13791067194856932,0.2562600137484857,0.19079014814522413,0.9428078089078492,0.4725944248228714,0.0,0.0,0.0,missed
dinov2_vitb14,none,ACC,all_complete,Oscillatoriales,58,0.052106378114668145,0.03440445289334388,0.07425881462362414,0.04762217481969884,0.999661547556266,0.7895033974886749,0.0,0.0,0.0,0.0
dinov2_vitb14,balanced,CC,main,N_fixing_filamentous_total,47,0.20842825042464586,0.14257786299251923,0.28083461391614306,0.17608427144632577,0.9885541228300805,0.7505410069732317,0.0,0.0,0.0,0.0
dinov2_vitb14,balanced,CC,main,Aphanizomenon_flosaquae,47,0.09187530648567362,0.05230911544617818,0.13731668462235547,0.04016870246996018,0.9943631653915211,0.8699018106028422,0.0,0.0,0.0,0.0
dinov2_vitb14,balanced,CC,main,Dolichospermum_total,47,0.1235728410857636,0.07876790168581421,0.17690637179839097,0.11318230582066857,0.9718617401300637,0.3522029560762662,0.0,0.0,0.0,missed
dinov2_vitb14,balanced,CC,main,Oscillatoriales,47,0.05587513070825138,0.03203849001399116,0.08340677869067509,0.05202357405104191,0.9990728937934785,0.7316932015662955,0.0,0.0,0.0,0.0
dinov2_vitb14,balanced,CC,all_complete,N_fixing_filamentous_total,58,0.22828495161975298,0.1658488783055224,0.2974194385677218,0.1975699843175483,0.9871747279772258,0.745717745001809,0.0,0.0,0.0,0.0
dinov2_vitb14,balanced,CC,all_complete,Aphanizomenon_flosaquae,58,0.11606015321518706,0.07355810370261467,0.16268137814880015,0.06601725290302145,0.9908524204403475,0.837715571308248,0.0,0.0,0.0,0.0
dinov2_vitb14,balanced,CC,all_complete,Dolichospermum_total,58,0.1204101699671344,0.08153647173686739,0.1656189530993091,0.11030129471257123,0.9711617177714569,0.5029167872857294,0.0,0.0,0.0,missed
dinov2_vitb14,balanced,CC,all_complete,Oscillatoriales,58,0.06091849798690562,0.03925240103975844,0.08537332899818567,0.0577974089715807,0.9995511353864035,0.7766999062575015,0.0,0.0,0.0,0.0
dinov2_vitb14,balanced,ACC,main,N_fixing_filamentous_total,47,0.1904159592873189,0.13038666177294767,0.2583958106548673,0.15524198885395693,0.9899322108104536,0.7613533351064365,0.0,0.0,0.0,0.0
dinov2_vitb14,balanced,ACC,main,Aphanizomenon_flosaquae,47,0.08863774527226567,0.051810336765065676,0.13279303861053765,0.034454747481772664,0.9946892174661475,0.871860915205988,0.0,0.0,0.0,0.0
dinov2_vitb14,balanced,ACC,main,Dolichospermum_total,47,0.10920840512287867,0.06738005520448426,0.16045082646353107,0.0994522625051904,0.9749842431307327,0.41946969415673674,0.0,0.0,0.0,missed
dinov2_vitb14,balanced,ACC,main,Oscillatoriales,47,0.050066522286522884,0.027873147253191656,0.07536880977270759,0.0467561891947236,0.9991990159636124,0.7349898984668786,0.0,0.0,0.0,0.0
dinov2_vitb14,balanced,ACC,all_complete,N_fixing_filamentous_total,58,0.20382987824246618,0.14679411594447656,0.269193216059214,0.1712922085519096,0.9887262033429658,0.7647685840672404,0.0,0.0,0.0,0.0
dinov2_vitb14,balanced,ACC,all_complete,Aphanizomenon_flosaquae,58,0.11066959320940001,0.06942171364028993,0.156534136212237,0.059526683980029624,0.9911861937289919,0.8486518882098267,0.0,0.0,0.0,0.0
dinov2_vitb14,balanced,ACC,all_complete,Dolichospermum_total,58,0.10136386936821279,0.06499915116172338,0.14300654486555708,0.09140371848013519,0.9745263692779169,0.5702805022688971,0.0,0.0,0.0,missed
dinov2_vitb14,balanced,ACC,all_complete,Oscillatoriales,58,0.05508005850572442,0.0352600740015989,0.07791361302967127,0.052397547207197415,0.9996121640465285,0.7786240521353268,0.0,0.0,0.0,0.0
