sample_id,pred_Aphanizomenon_flosaquae,pred_Oscillatoriales,pred_Nodularia_spumigena,pred_Dinophysis_acuminata,pred_Dolichospermum_total,pred_N_fixing_filamentous_total,true_Aphanizomenon_flosaquae,true_Oscillatoriales,true_Nodularia_spumigena,true_Dinophysis_acuminata,true_Dolichospermum_total,true_N_fixing_filamentous_total
D20210119T120754_IFCB114,0.018932402613853483,0.002541849214087403,0.002638302159134931,0.0,0.0025796699801944054,0.024150374753182817,0.019021739130434784,0.0,0.0,0.0,0.0,0.019021739130434784
D20210126T115652_IFCB114,0.03167343104859028,0.0,0.002860993890675736,0.0,0.0,0.03453442493926601,0.03170028818443804,0.0,0.0,0.0,0.0,0.03170028818443804
D20210202T121139_IFCB114,0.023753814387664277,0.0,0.0,0.0,0.006352714519107084,0.03010652890677136,0.023758099352051837,0.0,0.0,0.0,0.0,0.023758099352051837
D20210209T130733_IFCB114,0.014296218698898328,0.00208711627199908,0.0,0.0,0.0026602708116112814,0.01695648951050961,0.01327433628318584,0.0,0.0,0.0,0.0,0.01327433628318584
D20210216T115258_IFCB114,0.018030988332932055,0.001310248296798409,0.0,0.0,0.008930772740226321,0.026961761073158376,0.018055555555555554,0.0,0.0,0.0,0.0,0.018055555555555554
D20210223T120558_IFCB114,0.00677901878851042,0.0026819938606207913,0.0,0.0013392731349965265,0.005874806749350636,0.012653825537861055,0.005434782608695652,0.0,0.0,0.0,0.0,0.005434782608695652
D20210302T121235_IFCB114,0.0017072621486794361,0.0035148121286482856,0.0,0.0,0.000780468576751467,0.0024877307254309033,0.0018552875695732839,0.0,0.0,0.0,0.0,0.0018552875695732839
D20210309T120918_IFCB114,0.00219556853068769,0.0,0.0,0.0,0.0017016474913711425,0.0038972160220588324,0.0022624434389140274,0.0,0.0,0.0,0.0,0.0022624434389140274
D20210316T115215_IFCB114,0.001695347720176465,0.005056413806698102,0.0,0.0016939086109673974,0.0013513549345411044,0.0030467026547175693,0.0017211703958691911,0.0,0.0,0.0,0.0,0.0017211703958691911
D20210323T115123_IFCB114,0.0013480096345206362,0.0012649599043255742,0.0,0.0,0.0024205526059279474,0.0037685622404485834,0.0,0.0,0.0,0.0,0.0,0.0
D20210330T120026_IFCB114,0.0007058097632492444,0.0012781317242493396,0.0014627445540600589,0.0007054369417575669,0.0012127296879309761,0.0033812840052402796,0.0,0.0,0.0,0.0,0.0,0.0
D20210406T120951_IFCB114,0.0005750872219142074,0.0002660125125969886,0.0005944022675551426,0.0005801160220238245,0.003845930571587569,0.0050154200610569195,0.0005920663114268798,0.0,0.0,0.0,0.0,0.0005920663114268798
D20210406T193940_IFCB114,0.00179479510914765,0.00027597135352786195,0.0,0.0005961047370115011,0.0021372393587853543,0.003932034467933004,0.0,0.0,0.0,0.0,0.0,0.0
D20210408T003348_IFCB114,0.002398652118506616,0.0,0.0008153892160376553,0.0023991242200706512,0.0041179599432921874,0.007332001277836459,0.0008038585209003215,0.0,0.0,0.0,0.0,0.0008038585209003215
D20210408T224413_IFCB114,0.0052947618050261875,0.00043977523854775587,0.0,0.0006554399620114285,0.0010259905969489014,0.006320752401975089,0.001984126984126984,0.0,0.0,0.0,0.0,0.001984126984126984
D20210413T120653_IFCB114,0.001958888400621045,0.0,0.0009587032603931527,0.0019571358414228785,0.003513567018987929,0.006431158680002126,0.0019646365422396855,0.0,0.0,0.0,0.0,0.0019646365422396855
D20210416T044700_IFCB114,0.0030042212581824716,0.003148073079639308,0.0002515573644779067,0.0004235277976770961,0.003248084160049628,0.006503862782710006,0.0,0.0,0.0,0.0,0.0,0.0
D20210418T115708_IFCB114,0.0036324254383121373,0.0010100355397619078,0.0007696140905377179,0.00043417697104649683,0.007575622715243961,0.011977662244093815,0.0,0.0004572473708276177,0.0,0.0,0.0,0.0
D20210419T021349_IFCB114,0.0017181504486281332,0.0015480610209632497,0.0010431531667666734,0.0006863689885172985,0.005680174483244548,0.008441478098639354,0.0,0.0,0.0,0.0,0.0,0.0
D20210427T121500_IFCB114,0.003331873897749855,0.0007329096010620848,0.00036541942693658056,0.0001903513669707697,0.008973850345095843,0.012671143669782278,0.000196811651249754,0.0,0.0,0.0,0.0,0.000196811651249754
D20210503T105205_IFCB114,0.0003622423830854394,0.0013364708959813492,0.0003739185242552946,0.0011518105210019647,0.012524716079232705,0.013260876986573439,0.0,0.0,0.0,0.0,0.0,0.0
D20210508T060106_IFCB114,0.02006401895941555,0.0021976249316545677,0.00029330221696806873,0.001585233134407055,0.004029741336438166,0.024387062512821786,0.0,0.0,0.0,0.0,0.0,0.0
D20210511T120036_IFCB114,0.00971629409600835,0.0011959658929949837,0.0,0.001210228778744848,0.0022063477297878647,0.011922641825796214,0.0,0.0,0.0,0.0,0.0,0.0
D20210519T120718_IFCB114,0.000937412138048973,0.00187243280292132,0.0,0.0015605046251602995,0.00030372279066162285,0.001241134928710596,0.0006246096189881324,0.0,0.0,0.0,0.0,0.0006246096189881324
D20210525T115014_IFCB114,0.002878689908392779,0.0019140921631498923,0.0,0.0,0.0005351455884406765,0.003413835496833456,0.0009596928982725527,0.0,0.0,0.0,0.0,0.0009596928982725527
D20210601T120001_IFCB114,0.009164865130957949,0.005716576951291261,0.0005838585166522842,0.00113876858689297,0.0027961563891147384,0.012544880036724972,0.004576659038901602,0.0,0.0,0.0,0.0,0.004576659038901602
D20210608T115904_IFCB114,0.017568632991546214,0.004614441293284109,0.00047130931784395173,0.00184369076799963,0.0016289724826174228,0.01966891479200759,0.01384402399630826,0.0,0.0,0.0009229349330872173,0.0,0.01384402399630826
D20210615T114408_IFCB114,0.006287855537195461,0.009033546559447124,0.0012011147182432033,0.0003840861791993731,0.0022317311098630165,0.00972070136530168,0.003143418467583497,0.0,0.0,0.0003929273084479371,0.0007858546168958742,0.003929273084479371
D20210622T120526_IFCB114,0.009639794639977219,0.0008397274227153003,0.000165901944592351,0.0005016553386249335,0.0006684912440895432,0.010474187828659115,0.008780817291455589,0.0,0.00016886187098953058,0.00016886187098953058,0.0005065856129685917,0.00945626477541371
D20210629T115912_IFCB114,0.0073891214715023764,0.0026164237145090696,0.0,0.0,0.04921806901284166,0.05660719048434404,0.005925746765026001,0.0,0.0,0.0,0.05055024791389527,0.056475994678921275
D20210706T120205_IFCB114,0.036919663176693006,0.011295937601769427,0.0,0.0006418320536432948,0.020583246650042197,0.0575029098267352,0.036571557971014496,0.006340579710144928,0.0,0.00011322463768115942,0.01766304347826087,0.05423460144927537
D20210713T120326_IFCB114,0.01486306358881747,0.026160495524592976,0.0,0.00033875859894781364,0.001603683158338821,0.01646674674715629,0.013467244921250857,0.020200867381876285,0.0,0.0,0.0007989043597352203,0.014266149280986075
D20210727T115315_IFCB114,0.08162780252092092,0.010860944132507391,0.0,0.0001642392192765563,0.00989372514191783,0.09152152766283875,0.08547579298831386,0.003005008347245409,0.0,0.0,0.007679465776293823,0.09315525876460767
D20210803T120742_IFCB114,0.00393432131935626,0.01507456223683798,0.00022586171919917772,0.00048418957946691965,0.001960127725267373,0.006120310763822811,0.0037095919448860626,0.015103338632750398,0.00026497085320614734,0.0,0.0015898251192368838,0.005564387917329093
D20210806T185642_IFCB114,0.041649837281993715,0.00284718289592782,0.002637462184254693,0.00028198543967951936,0.007756078394242144,0.052043377860490556,0.04328018223234624,0.0005694760820045558,0.002277904328018223,0.0,0.005979498861047836,0.05153758542141229
D20210810T023238_IFCB114,0.01515350309314376,0.102472415145596,0.0015062841685703412,0.0003228441831521553,0.007387887935652103,0.024047675197366208,0.015296989422294549,0.09943043124491456,0.0014646053702196907,0.00032546786004882016,0.005695687550854353,0.022457282343368593
D20210810T032000_IFCB114,0.015227565946470628,0.09915621133649816,0.0016647028915565375,0.0003057688815658672,0.009061075456506128,0.025953344294533293,0.014409693794006877,0.09710168658915998,0.0019649582446373015,0.0001637465203864418,0.008842312100867857,0.02521696413951204
D20210810T034341_IFCB114,0.015346992700478224,0.10200550166060016,0.0020151088143795116,0.0003255833274528066,0.008067200267126458,0.025429301781984194,0.014672318226279752,0.09879360939028367,0.0027714378871861755,0.00016302575806977502,0.0078252363873492,0.02526899250081513
D20210810T051824_IFCB114,0.01730505348142415,0.08780255138728581,0.0020116786370086544,0.0001592282801873854,0.00654357506342954,0.025860307181862344,0.01728073035539615,0.08607760026084121,0.0017932833387675252,0.00016302575806977502,0.006031953048581676,0.02510596674274535
D20210810T120255_IFCB114,0.008060947978927724,0.0625939961269486,0.00022956894381513052,7.793137662304117e-05,0.0026122626867163368,0.010902779609459193,0.007968704723268617,0.061141698058533755,0.0002897710808461316,0.0,0.0018835120254998552,0.010141987829614604
D20210817T115208_IFCB114,0.0030076488524289533,0.12796166502101453,0.0,0.0004235464979922442,0.0029567968365166683,0.0059644456889456215,0.0017215407789972026,0.1286851732300409,0.0,0.0,0.0023671185711211535,0.004088659350118356
D20210824T115106_IFCB114,0.0021028033605064297,0.052621291489124936,0.0003067324621018784,0.0,0.0016332248399229714,0.004042760662531279,0.0024031240612796636,0.05046560528687293,0.00030039050765995795,0.0,0.0006007810153199159,0.003304295584259538
D20210831T115916_IFCB114,0.001819825846859923,0.014030145024700907,0.00026637773920851166,0.0005183681521313911,8.454629470343102e-05,0.0021707498807718656,0.0015572281339216196,0.012717363093693226,0.0,0.0005190760446405398,0.0002595380223202699,0.0018167661562418895
D20210907T121019_IFCB114,0.0003424484755295843,0.0024859015177404313,0.0,0.0021267228931206397,0.001911919991174216,0.0022543684667038003,0.0003563791874554526,0.0014255167498218105,0.0,0.001781895937277263,0.0,0.0003563791874554526
D20210914T115306_IFCB114,0.0004043889464873042,0.0016600329220678614,0.00039616719985766227,0.0004035907378241981,0.0,0.0008005561463449665,0.0004182350480970305,0.0012547051442910915,0.0,0.0,0.0,0.0004182350480970305
D20210921T115117_IFCB114,0.0006976618389081267,0.0020986120024715314,0.0,0.0,0.00536499574237393,0.006062657581282056,0.0,0.0,0.0,0.0,0.0,0.0
D20210928T120619_IFCB114,0.001846774353260623,0.0,0.0,0.0,0.0007372115634545627,0.002583985916715186,0.0009285051067780873,0.0,0.0,0.0,0.0,0.0009285051067780873
D20211005T115617_IFCB114,0.0,0.001558447337020516,0.0,0.0,0.0015301966722513752,0.0015301966722513752,0.0,0.0,0.0,0.0,0.0,0.0
D20211026T115538_IFCB114,0.0008085077677385665,0.000805483966504353,0.0017859648742625182,0.0,0.0,0.0025944726420010847,0.0,0.0,0.0,0.0,0.0,0.0
D20211102T120611_IFCB114,0.0,0.0018221107177073263,0.0,0.0,0.0,0.0,0.0,0.0,0.0,0.0,0.0,0.0
D20211109T115603_IFCB114,0.0007704632069993073,0.0,0.0,0.0,0.0,0.0007704632069993073,0.0011185682326621924,0.0,0.0,0.0,0.0,0.0011185682326621924
D20211116T121922_IFCB114,0.0022856281039790364,0.0022835861543119176,0.0,0.0,0.001086700216283409,0.0033723283202624454,0.0,0.0,0.0,0.0,0.0,0.0
D20211123T115459_IFCB114,0.0,0.0,0.0,0.0,0.0,0.0,0.0,0.0,0.0,0.0,0.0,0.0
D20211130T115335_IFCB114,0.0,0.006290927577220226,0.0,0.0,0.0,0.0,0.0,0.0,0.0,0.0,0.0,0.0
D20211207T121839_IFCB114,0.002748184181348978,0.0,0.0,0.0,0.0,0.002748184181348978,0.0,0.0,0.0,0.0,0.0,0.0
D20211214T115350_IFCB114,0.0,0.009453221420144072,0.0,0.0,0.0021188182640285475,0.0021188182640285475,0.0,0.0,0.0,0.0,0.0,0.0
D20211221T120159_IFCB114,0.0,0.0,0.0,0.0,0.011656191964647157,0.011656191964647157,0.0,0.0,0.0,0.0,0.0,0.0
D20211228T120520_IFCB114,0.0,0.0027832857641091275,0.0,0.0,0.0028174820681073263,0.0028174820681073263,0.0,0.0,0.0,0.0,0.0,0.0
